n_agents,network_type,avg_T_loss,critical_point
40,complete,-0.10150000000000006,6
40,line,-0.12775000000000003,3
40,star,-0.13625000000000004,3
40,small_world,-0.11550000000000007,3
50,complete,-0.10140000000000005,7
50,line,-0.12620000000000003,3
50,star,-0.13460000000000003,6
50,small_world,-0.11280000000000008,5
60,complete,-0.10083333333333336,6
60,line,-0.12766666666666668,3
60,star,-0.1305,7
60,small_world,-0.11550000000000003,3
